{"assets/a.png":["assets/a.png"],"assets/b.png":["assets/b.png"],"assets/c.png":["assets/c.png"],"assets/d.png":["assets/d.png"],"assets/e.png":["assets/e.png"],"assets/f.png":["assets/f.png"],"assets/g.png":["assets/g.png"],"assets/h.png":["assets/h.png"],"assets/homepage.png":["assets/homepage.png"],"assets/i.png":["assets/i.png"],"assets/j.png":["assets/j.png"],"assets/k.png":["assets/k.png"],"assets/l.png":["assets/l.png"],"assets/m.png":["assets/m.png"],"assets/n.png":["assets/n.png"],"assets/o.png":["assets/o.png"],"assets/p.png":["assets/p.png"],"assets/q.png":["assets/q.png"],"assets/r.png":["assets/r.png"],"assets/s.png":["assets/s.png"],"assets/t.png":["assets/t.png"],"assets/u.png":["assets/u.png"],"assets/v.png":["assets/v.png"],"assets/w.png":["assets/w.png"],"assets/x.png":["assets/x.png"],"assets/y.png":["assets/y.png"],"assets/z.png":["assets/z.png"],"lib/Login/bg.jpg":["lib/Login/bg.jpg"],"packages/cupertino_icons/assets/CupertinoIcons.ttf":["packages/cupertino_icons/assets/CupertinoIcons.ttf"],"packages/fluent_ui/assets/AcrylicNoise.png":["packages/fluent_ui/assets/AcrylicNoise.png"],"packages/fluent_ui/fonts/FluentIcons.ttf":["packages/fluent_ui/fonts/FluentIcons.ttf"]}